,Publication (Citation),Data contributor,Year,Season,Koppen climate classification,Climate,City,Country,Building type,Cooling startegy_building level,Cooling startegy_operation mode for MM buildings,Heating strategy_building level,Age,Sex,Thermal sensation,Thermal sensation acceptability,Thermal preference,Air movement acceptability,Air movement preference,Thermal comfort,PMV,PPD,SET,Clo,Met,activity_10,activity_20,activity_30,activity_60,Air temperature (°C),Air temperature (°F),Ta_h (°C),Ta_h (°F),Ta_m (°C),Ta_m (°F),Ta_l (°C),Ta_l (°F),Operative temperature (°C),Operative temperature (°F),Radiant temperature (°C),Radiant temperature (°F),Globe temperature (°C),Globe temperature (°F),Tg_h (°C),Tg_h (°F),Tg_m (°C),Tg_m (°F),Tg_l (°C),Tg_l (°F),Relative humidity (%),Humidity preference,Humidity sensation,Air velocity (m/s),Air velocity (fpm),Velocity_h (m/s),Velocity_h (fpm),Velocity_m (m/s),Velocity_m (fpm),Velocity_l (m/s),Velocity_l (fpm),Subject´s height (cm),Subject´s weight (kg),Blind (curtain),Fan,Window,Door,Heater,Outdoor monthly air temperature (°C),Outdoor monthly air temperature (°F),Database
1,"Kim, H. 2012. Methodology for rating a building's overall performance based on the ASHRAE/CIBSE/USGBC Performance Measurement Protocols for Commercial Buildings. Ph.D. dissertation, Department of Architecture, Texas A&M University.",Hyojin Kim,2011,Summer,Cfa,Humid subtropical,Texas,USA,Office,Air Conditioned,NA,NA,28,NA,-1.3,1,cooler,NA,more,4.5,-1.1,32,22.2,0.57,1,NA,NA,NA,NA,24.3,75.8,24.3,75.8,24.4,76,24.4,76,NA,NA,NA,NA,24.2,75.5,24.2,75.5,24.4,75.9,24.4,76,36.8,NA,NA,0.27,15.32,NA,NA,NA,NA,NA,NA,NA,NA,0,0,NA,NA,NA,32.8,91,Database 2
2,"Kim, H. 2012. Methodology for rating a building's overall performance based on the ASHRAE/CIBSE/USGBC Performance Measurement Protocols for Commercial Buildings. Ph.D. dissertation, Department of Architecture, Texas A&M University.",Hyojin Kim,2011,Summer,Cfa,Humid subtropical,Texas,USA,Office,Air Conditioned,NA,NA,30,NA,-1.4,1,cooler,NA,more,5.2,-0.1,5,24.45,0.57,1.1,NA,NA,NA,NA,25.7,78.2,25.7,78.2,25.4,77.6,25.5,77.9,NA,NA,NA,NA,24.8,76.7,24.8,76.7,24.8,76.6,24.8,76.7,33.1,NA,NA,0.09,18.65,NA,NA,NA,NA,NA,NA,NA,NA,0,0,NA,NA,NA,32.8,91,Database 2
3,"Kim, H. 2012. Methodology for rating a building's overall performance based on the ASHRAE/CIBSE/USGBC Performance Measurement Protocols for Commercial Buildings. Ph.D. dissertation, Department of Architecture, Texas A&M University.",Hyojin Kim,2011,Summer,Cfa,Humid subtropical,Texas,USA,Office,Air Conditioned,NA,NA,29,NA,0.6,0,cooler,NA,more,2.5,-0.4,8,23.74,0.57,1.1,NA,NA,NA,NA,24.6,76.3,24.6,76.3,24.5,76.1,24.6,76.2,NA,NA,NA,NA,24,75.1,24,75.1,24.2,75.6,24.2,75.6,34.9,NA,NA,0.06,12.48,NA,NA,NA,NA,NA,NA,NA,NA,0,0,NA,NA,NA,32.8,91,Database 2
4,"Kim, H. 2012. Methodology for rating a building's overall performance based on the ASHRAE/CIBSE/USGBC Performance Measurement Protocols for Commercial Buildings. Ph.D. dissertation, Department of Architecture, Texas A&M University.",Hyojin Kim,2011,Summer,Cfa,Humid subtropical,Texas,USA,Office,Air Conditioned,NA,NA,26,NA,0.5,0,cooler,NA,more,2.7,-0.3,7,24.49,0.57,1,NA,NA,NA,NA,26.4,79.5,26.4,79.5,26.9,80.4,27.9,82.2,NA,NA,NA,NA,25.5,78,25.5,78,25.1,77.2,25.2,77.3,31.7,NA,NA,0.13,26.46,NA,NA,NA,NA,NA,NA,NA,NA,0,0,NA,NA,NA,32.8,91,Database 2
5,"Kim, H. 2012. Methodology for rating a building's overall performance based on the ASHRAE/CIBSE/USGBC Performance Measurement Protocols for Commercial Buildings. Ph.D. dissertation, Department of Architecture, Texas A&M University.",Hyojin Kim,2011,Summer,Cfa,Humid subtropical,Texas,USA,Office,Air Conditioned,NA,NA,37,NA,1.6,0,cooler,NA,more,2.2,-0.4,9,23.9,0.57,1,NA,NA,NA,NA,25,77,25,77,25,77.1,25.1,77.1,NA,NA,NA,NA,24.7,76.4,24.7,76.4,24.6,76.3,24.7,76.4,33.3,NA,NA,0.07,14.71,NA,NA,NA,NA,NA,NA,NA,NA,0,0,NA,NA,NA,32.8,91,Database 2
6,"Kim, H. 2012. Methodology for rating a building's overall performance based on the ASHRAE/CIBSE/USGBC Performance Measurement Protocols for Commercial Buildings. Ph.D. dissertation, Department of Architecture, Texas A&M University.",Hyojin Kim,2011,Summer,Cfa,Humid subtropical,Texas,USA,Office,Air Conditioned,NA,NA,39,NA,1.2,0,cooler,NA,more,2.3,0,5,24.66,0.57,1.1,NA,NA,NA,NA,26.2,79.2,26.2,79.2,26.7,80.1,27.6,81.7,NA,NA,NA,NA,25.1,77.2,25.1,77.2,25,76.9,25,77.1,30.8,NA,NA,0.08,16.07,NA,NA,NA,NA,NA,NA,NA,NA,0,0,NA,NA,NA,32.8,91,Database 2
7,"Kim, H. 2012. Methodology for rating a building's overall performance based on the ASHRAE/CIBSE/USGBC Performance Measurement Protocols for Commercial Buildings. Ph.D. dissertation, Department of Architecture, Texas A&M University.",Hyojin Kim,2011,Summer,Cfa,Humid subtropical,Texas,USA,Office,Air Conditioned,NA,NA,28,NA,-0.2,1,cooler,NA,more,2.8,-0.6,11,23.41,0.57,1,NA,NA,NA,NA,25.1,77.2,25.1,77.2,25.1,77.2,25,77,NA,NA,NA,NA,24.2,75.6,24.2,75.6,24.3,75.8,24.3,75.8,34.2,NA,NA,0.07,14.04,NA,NA,NA,NA,NA,NA,NA,NA,0,0,NA,NA,NA,32.8,91,Database 2
8,"Kim, H. 2012. Methodology for rating a building's overall performance based on the ASHRAE/CIBSE/USGBC Performance Measurement Protocols for Commercial Buildings. Ph.D. dissertation, Department of Architecture, Texas A&M University.",Hyojin Kim,2011,Summer,Cfa,Humid subtropical,Texas,USA,Office,Air Conditioned,NA,NA,26,NA,0,1,cooler,NA,more,4,-0.7,16,23.22,0.54,1.1,NA,NA,NA,NA,24.3,75.7,24.3,75.7,24,75.2,24.2,75.5,NA,NA,NA,NA,24,75.3,24,75.3,23.9,75,24,75.2,35.3,NA,NA,0.13,26.22,NA,NA,NA,NA,NA,NA,NA,NA,1,1,NA,NA,NA,31.7,89,Database 2
9,"Kim, H. 2012. Methodology for rating a building's overall performance based on the ASHRAE/CIBSE/USGBC Performance Measurement Protocols for Commercial Buildings. Ph.D. dissertation, Department of Architecture, Texas A&M University.",Hyojin Kim,2011,Summer,Cfa,Humid subtropical,Texas,USA,Office,Air Conditioned,NA,NA,27,NA,0,1,cooler,NA,more,4,NA,NA,NA,0.54,NA,NA,NA,NA,NA,24.5,76.1,24.5,76.1,24,75.1,24.2,75.6,NA,NA,NA,NA,24,75.2,24,75.2,23.7,74.7,23.8,74.9,35,NA,NA,0.12,22.7,NA,NA,NA,NA,NA,NA,NA,NA,1,1,NA,NA,NA,31.7,89,Database 2
10,"Kim, H. 2012. Methodology for rating a building's overall performance based on the ASHRAE/CIBSE/USGBC Performance Measurement Protocols for Commercial Buildings. Ph.D. dissertation, Department of Architecture, Texas A&M University.",Hyojin Kim,2011,Summer,Cfa,Humid subtropical,Texas,USA,Office,Air Conditioned,NA,NA,29,NA,2,0,cooler,NA,more,3,-0.7,14,23.36,0.61,1.1,NA,NA,NA,NA,24.3,75.7,24.3,75.7,24,75.3,24.2,75.6,NA,NA,NA,NA,24.1,75.4,24.1,75.4,24,75.2,24.1,75.3,35,NA,NA,0.17,34.02,NA,NA,NA,NA,NA,NA,NA,NA,1,1,NA,NA,NA,31.7,89,Database 2
11,"Kim, H. 2012. Methodology for rating a building's overall performance based on the ASHRAE/CIBSE/USGBC Performance Measurement Protocols for Commercial Buildings. Ph.D. dissertation, Department of Architecture, Texas A&M University.",Hyojin Kim,2011,Summer,Cfa,Humid subtropical,Texas,USA,Office,Air Conditioned,NA,NA,22,NA,2,0,cooler,NA,more,3,-0.6,13,23.55,0.61,1.1,NA,NA,NA,NA,24.5,76,24.5,76,23.9,75.1,24.2,75.6,NA,NA,NA,NA,24,75.2,24,75.2,23.8,74.8,23.9,74.9,34.4,NA,NA,0.14,26.77,NA,NA,NA,NA,NA,NA,NA,NA,1,1,NA,NA,NA,31.7,89,Database 2
12,"Kim, H. 2012. Methodology for rating a building's overall performance based on the ASHRAE/CIBSE/USGBC Performance Measurement Protocols for Commercial Buildings. Ph.D. dissertation, Department of Architecture, Texas A&M University.",Hyojin Kim,2011,Summer,Cfa,Humid subtropical,Texas,USA,Office,Air Conditioned,NA,NA,31,NA,2,0,cooler,NA,more,3,-0.5,11,23.76,0.57,1.1,NA,NA,NA,NA,24.4,76,24.4,76,24.3,75.7,24.4,76,NA,NA,NA,NA,24.4,75.9,24.4,75.9,24.2,75.6,24.3,75.8,34.1,NA,NA,0.13,25.38,NA,NA,NA,NA,NA,NA,NA,NA,0,0,NA,NA,NA,31.7,89,Database 2
13,"Kim, H. 2012. Methodology for rating a building's overall performance based on the ASHRAE/CIBSE/USGBC Performance Measurement Protocols for Commercial Buildings. Ph.D. dissertation, Department of Architecture, Texas A&M University.",Hyojin Kim,2011,Summer,Cfa,Humid subtropical,Texas,USA,Office,Air Conditioned,NA,NA,34,NA,2,0,cooler,NA,more,3,-0.1,5,24.88,0.57,1.3,NA,NA,NA,NA,24.5,76,24.5,76,24.1,75.3,24.3,75.8,NA,NA,NA,NA,24.1,75.3,24.1,75.3,23.9,75,24,75.2,34.1,NA,NA,0.12,22.68,NA,NA,NA,NA,NA,NA,NA,NA,0,0,NA,NA,NA,31.7,89,Database 2
14,"Kim, H. 2012. Methodology for rating a building's overall performance based on the ASHRAE/CIBSE/USGBC Performance Measurement Protocols for Commercial Buildings. Ph.D. dissertation, Department of Architecture, Texas A&M University.",Hyojin Kim,2011,Summer,Cfa,Humid subtropical,Texas,USA,Office,Air Conditioned,NA,NA,29,NA,2,0,cooler,NA,more,3,-1,25,22.41,0.54,1.1,NA,NA,NA,NA,24.1,75.4,24.1,75.4,23.9,75.1,24.1,75.3,NA,NA,NA,NA,24,75.2,24,75.2,23.9,75.1,24,75.2,34.8,NA,NA,0.21,41.98,NA,NA,NA,NA,NA,NA,NA,NA,1,1,NA,NA,NA,31.7,89,Database 2
15,"Kim, H. 2012. Methodology for rating a building's overall performance based on the ASHRAE/CIBSE/USGBC Performance Measurement Protocols for Commercial Buildings. Ph.D. dissertation, Department of Architecture, Texas A&M University.",Hyojin Kim,2011,Summer,Cfa,Humid subtropical,Texas,USA,Office,Air Conditioned,NA,NA,32,NA,-1,1,no change,NA,no change,5,-0.4,8,23.73,0.57,1.1,NA,NA,NA,NA,24.2,75.5,24.2,75.5,23.9,75.1,24,75.3,NA,NA,NA,NA,23.9,75,23.9,75,23.7,74.7,23.8,74.8,38.7,NA,NA,0.09,18.07,NA,NA,NA,NA,NA,NA,NA,NA,0,0,NA,NA,NA,32.8,91,Database 2
16,"Kim, H. 2012. Methodology for rating a building's overall performance based on the ASHRAE/CIBSE/USGBC Performance Measurement Protocols for Commercial Buildings. Ph.D. dissertation, Department of Architecture, Texas A&M University.",Hyojin Kim,2011,Summer,Cfa,Humid subtropical,Texas,USA,Office,Air Conditioned,NA,NA,30,NA,-2,1,warmer,NA,no change,4.3,-0.4,8,23.8,0.61,1.1,NA,NA,NA,NA,23.8,74.8,23.8,74.8,23.6,74.5,23.7,74.7,NA,NA,NA,NA,23.6,74.5,23.6,74.5,23.5,74.3,23.6,74.4,40,NA,NA,0.09,17.63,NA,NA,NA,NA,NA,NA,NA,NA,0,0,NA,NA,NA,32.8,91,Database 2
17,"Kim, H. 2012. Methodology for rating a building's overall performance based on the ASHRAE/CIBSE/USGBC Performance Measurement Protocols for Commercial Buildings. Ph.D. dissertation, Department of Architecture, Texas A&M University.",Hyojin Kim,2011,Summer,Cfa,Humid subtropical,Texas,USA,Office,Air Conditioned,NA,NA,30,NA,-1,1,no change,NA,no change,5,NA,NA,NA,0.61,NA,NA,NA,NA,NA,24.3,75.7,24.3,75.7,24,75.2,24.1,75.5,NA,NA,NA,NA,24,75.2,24,75.2,23.8,74.9,23.9,75,38.3,NA,NA,0.1,19.32,NA,NA,NA,NA,NA,NA,NA,NA,0,0,NA,NA,NA,32.8,91,Database 2
18,"Kim, H. 2012. Methodology for rating a building's overall performance based on the ASHRAE/CIBSE/USGBC Performance Measurement Protocols for Commercial Buildings. Ph.D. dissertation, Department of Architecture, Texas A&M University.",Hyojin Kim,2011,Summer,Cfa,Humid subtropical,Texas,USA,Office,Air Conditioned,NA,NA,27,NA,-2.5,1,warmer,NA,no change,2.4,NA,NA,NA,0.57,NA,NA,NA,NA,NA,23.5,74.3,23.5,74.3,23.3,73.9,23.4,74.2,NA,NA,NA,NA,23.3,73.9,23.3,73.9,23.2,73.7,23.2,73.8,41.2,NA,NA,0.09,18.6,NA,NA,NA,NA,NA,NA,NA,NA,0,0,NA,NA,NA,32.8,91,Database 2
19,"Kim, H. 2012. Methodology for rating a building's overall performance based on the ASHRAE/CIBSE/USGBC Performance Measurement Protocols for Commercial Buildings. Ph.D. dissertation, Department of Architecture, Texas A&M University.",Hyojin Kim,2011,Summer,Cfa,Humid subtropical,Texas,USA,Office,Air Conditioned,NA,NA,24,NA,0,1,cooler,NA,no change,4.2,NA,NA,NA,0.57,NA,NA,NA,NA,NA,23.9,75.1,23.9,75.1,23.7,74.7,23.8,74.9,NA,NA,NA,NA,23.7,74.7,23.7,74.7,23.6,74.4,23.6,74.5,39.4,NA,NA,0.1,19.22,NA,NA,NA,NA,NA,NA,NA,NA,0,0,NA,NA,NA,32.8,91,Database 2
20,"Kim, H. 2012. Methodology for rating a building's overall performance based on the ASHRAE/CIBSE/USGBC Performance Measurement Protocols for Commercial Buildings. Ph.D. dissertation, Department of Architecture, Texas A&M University.",Hyojin Kim,2011,Summer,Cfa,Humid subtropical,Texas,USA,Office,Air Conditioned,NA,NA,NA,NA,0,1,cooler,NA,more,4.2,NA,NA,NA,0.57,NA,NA,NA,NA,NA,24.4,75.9,24.4,75.9,24.1,75.5,24.3,75.7,NA,NA,NA,NA,24.1,75.4,24.1,75.4,24,75.1,24,75.2,37.9,NA,NA,0.1,19.49,NA,NA,NA,NA,NA,NA,NA,NA,0,0,NA,NA,NA,32.8,91,Database 2
21,"Kim, H. 2012. Methodology for rating a building's overall performance based on the ASHRAE/CIBSE/USGBC Performance Measurement Protocols for Commercial Buildings. Ph.D. dissertation, Department of Architecture, Texas A&M University.",Hyojin Kim,2011,Summer,Cfa,Humid subtropical,Texas,USA,Office,Air Conditioned,NA,NA,34,NA,-2,0,warmer,NA,less,2,-0.3,6,24.31,0.79,1.1,NA,NA,NA,NA,23.8,74.9,23.8,74.9,23.9,75,23.9,75,NA,NA,NA,NA,24.2,75.5,24.2,75.5,24.1,75.4,24.1,75.4,43.8,NA,NA,0.32,63.64,NA,NA,NA,NA,NA,NA,NA,NA,1,1,NA,NA,NA,32.8,91,Database 2
22,"Kim, H. 2012. Methodology for rating a building's overall performance based on the ASHRAE/CIBSE/USGBC Performance Measurement Protocols for Commercial Buildings. Ph.D. dissertation, Department of Architecture, Texas A&M University.",Hyojin Kim,2011,Summer,Cfa,Humid subtropical,Texas,USA,Office,Air Conditioned,NA,NA,51,NA,-0.5,1,warmer,NA,no change,4,-1.2,38,22.03,0.54,1,NA,NA,NA,NA,23.7,74.7,23.7,74.7,23.8,74.8,23.8,74.9,NA,NA,NA,NA,24.1,75.4,24.1,75.4,24.1,75.4,24.1,75.4,43.7,NA,NA,0.31,60.34,NA,NA,NA,NA,NA,NA,NA,NA,1,1,NA,NA,NA,32.8,91,Database 2
23,"Kim, H. 2012. Methodology for rating a building's overall performance based on the ASHRAE/CIBSE/USGBC Performance Measurement Protocols for Commercial Buildings. Ph.D. dissertation, Department of Architecture, Texas A&M University.",Hyojin Kim,2011,Summer,Cfa,Humid subtropical,Texas,USA,Office,Air Conditioned,NA,NA,30,NA,-0.5,1,no change,NA,less,4,-0.3,7,24.64,0.79,1,NA,NA,NA,NA,23.9,75.1,23.9,75.1,24,75.2,24,75.3,NA,NA,NA,NA,24.6,76.2,24.6,76.2,24.4,75.9,24.4,75.8,40.4,NA,NA,0.24,47.97,NA,NA,NA,NA,NA,NA,NA,NA,1,1,NA,NA,NA,32.8,91,Database 2
24,"Kim, H. 2012. Methodology for rating a building's overall performance based on the ASHRAE/CIBSE/USGBC Performance Measurement Protocols for Commercial Buildings. Ph.D. dissertation, Department of Architecture, Texas A&M University.",Hyojin Kim,2011,Summer,Cfa,Humid subtropical,Texas,USA,Office,Air Conditioned,NA,NA,50,NA,-1,0,warmer,NA,no change,2,0.3,7,25.38,0.57,1.7,NA,NA,NA,NA,23.8,74.9,23.8,74.9,23.9,75,23.9,75,NA,NA,NA,NA,24.1,75.4,24.1,75.4,24.1,75.4,24.1,75.4,43.6,NA,NA,0.35,69.28,NA,NA,NA,NA,NA,NA,NA,NA,1,1,NA,NA,NA,32.8,91,Database 2
25,"Kim, H. 2012. Methodology for rating a building's overall performance based on the ASHRAE/CIBSE/USGBC Performance Measurement Protocols for Commercial Buildings. Ph.D. dissertation, Department of Architecture, Texas A&M University.",Hyojin Kim,2011,Summer,Cfa,Humid subtropical,Texas,USA,Office,Air Conditioned,NA,NA,46,NA,0,1,no change,NA,less,4.5,-1.2,37,22.05,0.57,1,NA,NA,NA,NA,23.8,74.9,23.8,74.9,23.9,75.1,23.9,75,NA,NA,NA,NA,24.1,75.5,24.1,75.5,24.1,75.4,24.1,75.4,35.8,NA,NA,0.32,63.83,NA,NA,NA,NA,NA,NA,NA,NA,1,1,NA,NA,NA,32.8,91,Database 2
26,"Kim, H. 2012. Methodology for rating a building's overall performance based on the ASHRAE/CIBSE/USGBC Performance Measurement Protocols for Commercial Buildings. Ph.D. dissertation, Department of Architecture, Texas A&M University.",Hyojin Kim,2011,Summer,Cfa,Humid subtropical,Texas,USA,Office,Air Conditioned,NA,NA,38,NA,-1,0,warmer,NA,less,2,-1.1,32,22.2,0.61,1,NA,NA,NA,NA,23.8,74.8,23.8,74.8,23.8,74.9,23.8,74.9,NA,NA,NA,NA,24,75.3,24,75.3,24.1,75.3,24.1,75.3,42.3,NA,NA,0.36,70.42,NA,NA,NA,NA,NA,NA,NA,NA,1,1,NA,NA,NA,32.8,91,Database 2
27,"Kim, H. 2012. Methodology for rating a building's overall performance based on the ASHRAE/CIBSE/USGBC Performance Measurement Protocols for Commercial Buildings. Ph.D. dissertation, Department of Architecture, Texas A&M University.",Hyojin Kim,2011,Summer,Cfa,Humid subtropical,Texas,USA,Office,Air Conditioned,NA,NA,38,NA,-0.5,1,no change,NA,less,4.5,-1,28,22.51,0.61,1,NA,NA,NA,NA,23.8,74.9,23.8,74.9,23.9,75.1,23.9,75.1,NA,NA,NA,NA,24.2,75.6,24.2,75.6,24.1,75.4,24.1,75.4,42.1,NA,NA,0.33,65.24,NA,NA,NA,NA,NA,NA,NA,NA,1,1,NA,NA,NA,32.8,91,Database 2
28,"Kim, H. 2012. Methodology for rating a building's overall performance based on the ASHRAE/CIBSE/USGBC Performance Measurement Protocols for Commercial Buildings. Ph.D. dissertation, Department of Architecture, Texas A&M University.",Hyojin Kim,2011,Summer,Cfa,Humid subtropical,Texas,USA,Office,Air Conditioned,NA,NA,39,NA,-1,1,warmer,NA,less,4,-1.1,32,22.27,0.57,1,NA,NA,NA,NA,23.8,74.9,23.8,74.9,23.9,75,23.9,75,NA,NA,NA,NA,24.2,75.5,24.2,75.5,24.2,75.6,24.2,75.5,42.8,NA,NA,0.32,62.06,NA,NA,NA,NA,NA,NA,NA,NA,1,1,NA,NA,NA,32.8,91,Database 2
29,"Kim, H. 2012. Methodology for rating a building's overall performance based on the ASHRAE/CIBSE/USGBC Performance Measurement Protocols for Commercial Buildings. Ph.D. dissertation, Department of Architecture, Texas A&M University.",Hyojin Kim,2011,Summer,Cfa,Humid subtropical,Texas,USA,Office,Air Conditioned,NA,NA,28,NA,0,1,no change,NA,less,5,-0.8,20,22.69,0.57,1.1,NA,NA,NA,NA,23.9,75,23.9,75,24,75.1,24,75.1,NA,NA,NA,NA,24.3,75.7,24.3,75.7,24.2,75.6,24.2,75.5,35.9,NA,NA,0.33,64.8,NA,NA,NA,NA,NA,NA,NA,NA,1,1,NA,NA,NA,32.8,91,Database 2
30,"Kim, H. 2012. Methodology for rating a building's overall performance based on the ASHRAE/CIBSE/USGBC Performance Measurement Protocols for Commercial Buildings. Ph.D. dissertation, Department of Architecture, Texas A&M University.",Hyojin Kim,2011,Summer,Cfa,Humid subtropical,Texas,USA,Office,Air Conditioned,NA,NA,26,NA,-1,0,warmer,NA,less,3,0.4,8,25.62,0.57,1.7,NA,NA,NA,NA,23.8,74.9,23.8,74.9,23.9,75,23.9,75,NA,NA,NA,NA,24.1,75.4,24.1,75.4,24.2,75.5,24.2,75.5,44.3,NA,NA,0.33,64.08,NA,NA,NA,NA,NA,NA,NA,NA,1,1,NA,NA,NA,32.8,91,Database 2
31,"Kim, H. 2012. Methodology for rating a building's overall performance based on the ASHRAE/CIBSE/USGBC Performance Measurement Protocols for Commercial Buildings. Ph.D. dissertation, Department of Architecture, Texas A&M University.",Hyojin Kim,2011,Summer,Cfa,Humid subtropical,Texas,USA,Office,Air Conditioned,NA,NA,50,NA,-2,1,no change,NA,no change,6,-0.4,8,23.95,0.61,1.1,NA,NA,NA,NA,24.3,75.7,24.3,75.7,24.2,75.6,24.4,75.9,NA,NA,NA,NA,24.2,75.6,24.2,75.6,24.2,75.5,24.2,75.6,37.6,NA,NA,0.09,18.56,NA,NA,NA,NA,NA,NA,NA,NA,0,0,NA,NA,NA,28.9,84,Database 2
32,"Kim, H. 2012. Methodology for rating a building's overall performance based on the ASHRAE/CIBSE/USGBC Performance Measurement Protocols for Commercial Buildings. Ph.D. dissertation, Department of Architecture, Texas A&M University.",Hyojin Kim,2011,Summer,Cfa,Humid subtropical,Texas,USA,Office,Air Conditioned,NA,NA,42,NA,-2,1,no change,NA,no change,6,-0.7,14,23.64,0.61,1,NA,NA,NA,NA,24.4,75.8,24.4,75.8,24.1,75.4,24.3,75.8,NA,NA,NA,NA,24.1,75.3,24.1,75.3,24,75.2,24.1,75.3,43.5,NA,NA,0.14,26.73,NA,NA,NA,NA,NA,NA,NA,NA,1,1,NA,NA,NA,28.9,84,Database 2
33,"Kim, H. 2012. Methodology for rating a building's overall performance based on the ASHRAE/CIBSE/USGBC Performance Measurement Protocols for Commercial Buildings. Ph.D. dissertation, Department of Architecture, Texas A&M University.",Hyojin Kim,2011,Summer,Cfa,Humid subtropical,Texas,USA,Office,Air Conditioned,NA,NA,58,NA,-2,1,no change,NA,no change,6,-0.5,11,23.65,0.61,1.1,NA,NA,NA,NA,24.1,75.4,24.1,75.4,23.9,75,24.1,75.5,NA,NA,NA,NA,23.9,75.1,23.9,75.1,23.9,75,23.9,75.1,38.1,NA,NA,0.12,24.07,NA,NA,NA,NA,NA,NA,NA,NA,0,0,NA,NA,NA,28.9,84,Database 2
34,"Kim, H. 2012. Methodology for rating a building's overall performance based on the ASHRAE/CIBSE/USGBC Performance Measurement Protocols for Commercial Buildings. Ph.D. dissertation, Department of Architecture, Texas A&M University.",Hyojin Kim,2011,Summer,Cfa,Humid subtropical,Texas,USA,Office,Air Conditioned,NA,NA,34,NA,-2,1,no change,NA,no change,6,-0.6,14,23.46,0.61,1.1,NA,NA,NA,NA,23.9,75,23.9,75,23.7,74.7,23.9,75.1,NA,NA,NA,NA,23.7,74.7,23.7,74.7,23.7,74.6,23.7,74.7,39.2,NA,NA,0.13,26.49,NA,NA,NA,NA,NA,NA,NA,NA,0,0,NA,NA,NA,28.9,84,Database 2
35,"Kim, H. 2012. Methodology for rating a building's overall performance based on the ASHRAE/CIBSE/USGBC Performance Measurement Protocols for Commercial Buildings. Ph.D. dissertation, Department of Architecture, Texas A&M University.",Hyojin Kim,2011,Summer,Cfa,Humid subtropical,Texas,USA,Office,Air Conditioned,NA,NA,40,NA,-2,1,no change,NA,no change,6,-0.6,13,23.42,0.61,1.1,NA,NA,NA,NA,23.8,74.8,23.8,74.8,23.6,74.5,23.8,74.8,NA,NA,NA,NA,23.7,74.6,23.7,74.6,23.6,74.5,23.7,74.6,39.2,NA,NA,0.12,23.02,NA,NA,NA,NA,NA,NA,NA,NA,0,0,NA,NA,NA,28.9,84,Database 2
36,"Kim, H. 2012. Methodology for rating a building's overall performance based on the ASHRAE/CIBSE/USGBC Performance Measurement Protocols for Commercial Buildings. Ph.D. dissertation, Department of Architecture, Texas A&M University.",Hyojin Kim,2011,Summer,Cfa,Humid subtropical,Texas,USA,Office,Air Conditioned,NA,NA,51,NA,-2,1,no change,NA,no change,6,0.4,8,26.69,0.61,1.5,NA,NA,NA,NA,24.3,75.7,24.3,75.7,24.1,75.4,24.3,75.7,NA,NA,NA,NA,24.1,75.4,24.1,75.4,24.1,75.4,24.1,75.4,38,NA,NA,0.11,21.49,NA,NA,NA,NA,NA,NA,NA,NA,0,0,NA,NA,NA,28.9,84,Database 2
37,"Kim, H. 2012. Methodology for rating a building's overall performance based on the ASHRAE/CIBSE/USGBC Performance Measurement Protocols for Commercial Buildings. Ph.D. dissertation, Department of Architecture, Texas A&M University.",Hyojin Kim,2011,Summer,Cfa,Humid subtropical,Texas,USA,Office,Air Conditioned,NA,NA,46,NA,-2,1,no change,NA,no change,6,-0.8,18,23.13,0.61,1,NA,NA,NA,NA,23.7,74.7,23.7,74.7,23.5,74.4,23.7,74.7,NA,NA,NA,NA,23.6,74.4,23.6,74.4,23.6,74.4,23.6,74.5,38.3,NA,NA,0.11,21.67,NA,NA,NA,NA,NA,NA,NA,NA,0,0,NA,NA,NA,28.9,84,Database 2
38,"Kim, H. 2012. Methodology for rating a building's overall performance based on the ASHRAE/CIBSE/USGBC Performance Measurement Protocols for Commercial Buildings. Ph.D. dissertation, Department of Architecture, Texas A&M University.",Hyojin Kim,2011,Summer,Cfa,Humid subtropical,Texas,USA,Office,Air Conditioned,NA,NA,36,NA,-2,1,warmer,NA,no change,6,-0.8,17,23.11,0.57,1.1,NA,NA,NA,NA,24.1,75.4,24.1,75.4,23.8,74.9,24,75.3,NA,NA,NA,NA,23.8,74.8,23.8,74.8,23.7,74.7,23.7,74.7,38,NA,NA,0.14,27.43,NA,NA,NA,NA,NA,NA,NA,NA,0,0,NA,NA,NA,28.9,84,Database 2
39,"Kim, H. 2012. Methodology for rating a building's overall performance based on the ASHRAE/CIBSE/USGBC Performance Measurement Protocols for Commercial Buildings. Ph.D. dissertation, Department of Architecture, Texas A&M University.",Hyojin Kim,2011,Summer,Cfa,Humid subtropical,Texas,USA,Office,Air Conditioned,NA,NA,51,NA,-2,1,no change,NA,no change,6,-0.5,10,23.82,0.61,1.1,NA,NA,NA,NA,24.3,75.7,24.3,75.7,24.1,75.3,24.3,75.7,NA,NA,NA,NA,24.1,75.4,24.1,75.4,24.1,75.3,24.1,75.4,38.5,NA,NA,0.12,22.73,NA,NA,NA,NA,NA,NA,NA,NA,0,0,NA,NA,NA,28.9,84,Database 2
40,"Kim, H. 2012. Methodology for rating a building's overall performance based on the ASHRAE/CIBSE/USGBC Performance Measurement Protocols for Commercial Buildings. Ph.D. dissertation, Department of Architecture, Texas A&M University.",Hyojin Kim,2011,Summer,Cfa,Humid subtropical,Texas,USA,Office,Air Conditioned,NA,NA,25,NA,-2,1,no change,NA,no change,6,-0.7,15,23.45,0.61,1,NA,NA,NA,NA,24,75.2,24,75.2,23.8,74.9,24.1,75.3,NA,NA,NA,NA,23.9,75,23.9,75,23.8,74.9,23.9,75,38.4,NA,NA,0.12,22.68,NA,NA,NA,NA,NA,NA,NA,NA,0,0,NA,NA,NA,28.9,84,Database 2
41,"Kim, H. 2012. Methodology for rating a building's overall performance based on the ASHRAE/CIBSE/USGBC Performance Measurement Protocols for Commercial Buildings. Ph.D. dissertation, Department of Architecture, Texas A&M University.",Hyojin Kim,2011,Summer,Cfa,Humid subtropical,Texas,USA,Office,Air Conditioned,NA,NA,35,NA,-2,1,no change,NA,no change,6,-0.6,13,23.56,0.61,1.1,NA,NA,NA,NA,24.1,75.4,24.1,75.4,23.9,75,24.1,75.4,NA,NA,NA,NA,23.9,75,23.9,75,23.8,74.9,23.9,75,39.5,NA,NA,0.14,27.75,NA,NA,NA,NA,NA,NA,NA,NA,0,0,NA,NA,NA,28.9,84,Database 2
42,"Kim, H. 2012. Methodology for rating a building's overall performance based on the ASHRAE/CIBSE/USGBC Performance Measurement Protocols for Commercial Buildings. Ph.D. dissertation, Department of Architecture, Texas A&M University.",Hyojin Kim,2011,Summer,Cfa,Humid subtropical,Texas,USA,Office,Air Conditioned,NA,NA,25,NA,1,1,cooler,NA,no change,4,-0.4,9,24.12,0.61,1.1,NA,NA,NA,NA,24.1,75.3,24.1,75.3,24,75.2,24.1,75.5,NA,NA,NA,NA,24,75.3,24,75.3,23.9,75,24,75.1,37.9,NA,NA,0.14,27.48,NA,NA,NA,NA,NA,NA,NA,NA,1,1,NA,NA,NA,31.7,89,Database 2
43,"Kim, H. 2012. Methodology for rating a building's overall performance based on the ASHRAE/CIBSE/USGBC Performance Measurement Protocols for Commercial Buildings. Ph.D. dissertation, Department of Architecture, Texas A&M University.",Hyojin Kim,2011,Summer,Cfa,Humid subtropical,Texas,USA,Office,Air Conditioned,NA,NA,42,NA,0,1,cooler,NA,no change,3,-0.6,13,23.44,0.61,1.1,NA,NA,NA,NA,23.8,74.8,23.8,74.8,23.8,74.8,23.9,75,NA,NA,NA,NA,23.8,74.9,23.8,74.9,23.7,74.7,23.8,74.8,39.4,NA,NA,0.19,36.42,NA,NA,NA,NA,NA,NA,NA,NA,1,1,NA,NA,NA,31.7,89,Database 2
44,"Kim, H. 2012. Methodology for rating a building's overall performance based on the ASHRAE/CIBSE/USGBC Performance Measurement Protocols for Commercial Buildings. Ph.D. dissertation, Department of Architecture, Texas A&M University.",Hyojin Kim,2011,Summer,Cfa,Humid subtropical,Texas,USA,Office,Air Conditioned,NA,NA,42,NA,0.7,1,cooler,NA,more,3,NA,NA,NA,0.61,NA,NA,NA,NA,NA,23.6,74.5,23.6,74.5,23.6,74.5,23.8,74.8,NA,NA,NA,NA,23.7,74.6,23.7,74.6,23.6,74.4,23.6,74.5,39.4,NA,NA,0.15,28.84,NA,NA,NA,NA,NA,NA,NA,NA,1,1,NA,NA,NA,31.7,89,Database 2
45,"Kim, H. 2012. Methodology for rating a building's overall performance based on the ASHRAE/CIBSE/USGBC Performance Measurement Protocols for Commercial Buildings. Ph.D. dissertation, Department of Architecture, Texas A&M University.",Hyojin Kim,2011,Summer,Cfa,Humid subtropical,Texas,USA,Office,Air Conditioned,NA,NA,28,NA,0.3,1,cooler,NA,no change,3,NA,NA,NA,0.61,NA,NA,NA,NA,NA,23.8,74.8,23.8,74.8,23.7,74.7,23.9,75,NA,NA,NA,NA,23.8,74.8,23.8,74.8,23.7,74.7,23.8,74.8,41.4,NA,NA,0.17,33.11,NA,NA,NA,NA,NA,NA,NA,NA,1,1,NA,NA,NA,31.7,89,Database 2
46,"Kim, H. 2012. Methodology for rating a building's overall performance based on the ASHRAE/CIBSE/USGBC Performance Measurement Protocols for Commercial Buildings. Ph.D. dissertation, Department of Architecture, Texas A&M University.",Hyojin Kim,2011,Summer,Cfa,Humid subtropical,Texas,USA,Office,Air Conditioned,NA,NA,41,NA,0,1,no change,NA,no change,3.5,-0.6,13,23.4,0.61,1.1,NA,NA,NA,NA,23.6,74.5,23.6,74.5,23.5,74.3,23.7,74.6,NA,NA,NA,NA,23.6,74.4,23.6,74.4,23.5,74.2,23.5,74.3,41.8,NA,NA,0.17,32.94,NA,NA,NA,NA,NA,NA,NA,NA,1,1,NA,NA,NA,32.8,91,Database 2
47,"Kim, H. 2012. Methodology for rating a building's overall performance based on the ASHRAE/CIBSE/USGBC Performance Measurement Protocols for Commercial Buildings. Ph.D. dissertation, Department of Architecture, Texas A&M University.",Hyojin Kim,2011,Summer,Cfa,Humid subtropical,Texas,USA,Office,Air Conditioned,NA,NA,43,NA,1,1,cooler,NA,no change,5,-0.4,9,23.91,0.61,1.1,NA,NA,NA,NA,24.8,76.7,24.8,76.7,25,77,25.2,77.4,NA,NA,NA,NA,24.9,76.8,24.9,76.8,24.5,76.1,24.6,76.2,36.9,NA,NA,0.2,40.26,NA,NA,NA,NA,NA,NA,NA,NA,0,0,NA,NA,NA,31.7,89,Database 2
48,"Kim, H. 2012. Methodology for rating a building's overall performance based on the ASHRAE/CIBSE/USGBC Performance Measurement Protocols for Commercial Buildings. Ph.D. dissertation, Department of Architecture, Texas A&M University.",Hyojin Kim,2011,Summer,Cfa,Humid subtropical,Texas,USA,Office,Air Conditioned,NA,NA,32,NA,0,1,cooler,NA,no change,5,-0.8,19,22.62,0.61,1.1,NA,NA,NA,NA,24.3,75.7,24.3,75.7,24.2,75.5,24.3,75.8,NA,NA,NA,NA,24.1,75.4,24.1,75.4,24.2,75.5,24.2,75.5,42.6,NA,NA,0.28,55.52,NA,NA,NA,NA,NA,NA,NA,NA,1,1,NA,NA,NA,31.7,89,Database 2
49,"Kim, H. 2012. Methodology for rating a building's overall performance based on the ASHRAE/CIBSE/USGBC Performance Measurement Protocols for Commercial Buildings. Ph.D. dissertation, Department of Architecture, Texas A&M University.",Hyojin Kim,2011,Summer,Cfa,Humid subtropical,Texas,USA,Office,Air Conditioned,NA,NA,38,NA,0,1,cooler,NA,more,4,-0.8,17,22.92,0.61,1.1,NA,NA,NA,NA,24.1,75.4,24.1,75.4,23.9,75.1,24.1,75.4,NA,NA,NA,NA,23.9,75,23.9,75,24,75.1,24,75.2,43.6,NA,NA,0.21,42,NA,NA,NA,NA,NA,NA,NA,NA,1,1,NA,NA,NA,31.7,89,Database 2
50,"Kim, H. 2012. Methodology for rating a building's overall performance based on the ASHRAE/CIBSE/USGBC Performance Measurement Protocols for Commercial Buildings. Ph.D. dissertation, Department of Architecture, Texas A&M University.",Hyojin Kim,2011,Summer,Cfa,Humid subtropical,Texas,USA,Office,Air Conditioned,NA,NA,48,NA,-1,1,no change,NA,no change,5,-0.8,19,22.76,0.61,1.1,NA,NA,NA,NA,24,75.2,24,75.2,23.9,75.1,24.1,75.3,NA,NA,NA,NA,23.9,75,23.9,75,23.8,74.8,23.8,74.9,44.1,NA,NA,0.23,46,NA,NA,NA,NA,NA,NA,NA,NA,1,1,NA,NA,NA,31.7,89,Database 2
51,"Kim, H. 2012. Methodology for rating a building's overall performance based on the ASHRAE/CIBSE/USGBC Performance Measurement Protocols for Commercial Buildings. Ph.D. dissertation, Department of Architecture, Texas A&M University.",Hyojin Kim,2011,Summer,Cfa,Humid subtropical,Texas,USA,Office,Air Conditioned,NA,NA,43,NA,1,0,cooler,NA,more,4,-0.9,21,22.43,0.61,1.1,NA,NA,NA,NA,24.6,76.4,24.6,76.4,24.9,76.7,25,77,NA,NA,NA,NA,24.4,75.9,24.4,75.9,24,75.2,24.1,75.3,34.5,NA,NA,0.34,67.76,NA,NA,NA,NA,NA,NA,NA,NA,0,0,NA,NA,NA,31.7,89,Database 2
52,"Kim, H. 2012. Methodology for rating a building's overall performance based on the ASHRAE/CIBSE/USGBC Performance Measurement Protocols for Commercial Buildings. Ph.D. dissertation, Department of Architecture, Texas A&M University.",Hyojin Kim,2011,Summer,Cfa,Humid subtropical,Texas,USA,Office,Air Conditioned,NA,NA,38,NA,-1,1,no change,NA,no change,5,-0.8,18,23,0.61,1.1,NA,NA,NA,NA,23.4,74,23.4,74,23.4,74,23.4,74.2,NA,NA,NA,NA,23.3,74,23.3,74,23.3,74,23.4,74.1,43.9,NA,NA,0.15,30.14,NA,NA,NA,NA,NA,NA,NA,NA,1,1,NA,NA,NA,31.7,89,Database 2
53,"Kim, H. 2012. Methodology for rating a building's overall performance based on the ASHRAE/CIBSE/USGBC Performance Measurement Protocols for Commercial Buildings. Ph.D. dissertation, Department of Architecture, Texas A&M University.",Hyojin Kim,2011,Summer,Cfa,Humid subtropical,Texas,USA,Office,Air Conditioned,NA,NA,34,NA,0,1,no change,NA,more,5,-0.8,17,23.01,0.61,1.1,NA,NA,NA,NA,23.9,75,23.9,75,23.8,74.9,24,75.2,NA,NA,NA,NA,23.8,74.8,23.8,74.8,23.7,74.6,23.7,74.7,43.2,NA,NA,0.19,37.56,NA,NA,NA,NA,NA,NA,NA,NA,1,1,NA,NA,NA,31.7,89,Database 2
54,"Kim, H. 2012. Methodology for rating a building's overall performance based on the ASHRAE/CIBSE/USGBC Performance Measurement Protocols for Commercial Buildings. Ph.D. dissertation, Department of Architecture, Texas A&M University.",Hyojin Kim,2011,Summer,Cfa,Humid subtropical,Texas,USA,Office,Air Conditioned,NA,NA,23,NA,1,0,cooler,NA,more,3,-0.6,14,23.65,0.61,1,NA,NA,NA,NA,24.7,76.4,24.7,76.4,24.9,76.9,25.1,77.1,NA,NA,NA,NA,24.5,76.1,24.5,76.1,24,75.2,24.1,75.3,39.5,NA,NA,0.18,35.27,NA,NA,NA,NA,NA,NA,NA,NA,0,0,NA,NA,NA,31.7,89,Database 2
55,"Kim, H. 2012. Methodology for rating a building's overall performance based on the ASHRAE/CIBSE/USGBC Performance Measurement Protocols for Commercial Buildings. Ph.D. dissertation, Department of Architecture, Texas A&M University.",Hyojin Kim,2011,Summer,Cfa,Humid subtropical,Texas,USA,Office,Air Conditioned,NA,NA,27,NA,0,1,no change,NA,no change,5,-0.8,20,22.72,0.54,1.1,NA,NA,NA,NA,24,75.1,24,75.1,23.8,74.8,24,75.1,NA,NA,NA,NA,23.9,75,23.9,75,23.8,74.8,23.8,74.9,34.8,NA,NA,0.21,40.48,NA,NA,NA,NA,NA,NA,NA,NA,1,1,NA,NA,NA,28.9,84,Database 2
56,"Kim, H. 2012. Methodology for rating a building's overall performance based on the ASHRAE/CIBSE/USGBC Performance Measurement Protocols for Commercial Buildings. Ph.D. dissertation, Department of Architecture, Texas A&M University.",Hyojin Kim,2011,Summer,Cfa,Humid subtropical,Texas,USA,Office,Air Conditioned,NA,NA,43,NA,-0.5,1,warmer,NA,less,4,-1,26,22.8,0.57,1,NA,NA,NA,NA,23.9,74.9,23.9,74.9,23.7,74.7,23.9,75,NA,NA,NA,NA,23.8,74.9,23.8,74.9,23.7,74.7,23.8,74.8,35.6,NA,NA,0.16,31.96,NA,NA,NA,NA,NA,NA,NA,NA,1,1,NA,NA,NA,28.9,84,Database 2
57,"Kim, H. 2012. Methodology for rating a building's overall performance based on the ASHRAE/CIBSE/USGBC Performance Measurement Protocols for Commercial Buildings. Ph.D. dissertation, Department of Architecture, Texas A&M University.",Hyojin Kim,2011,Summer,Cfa,Humid subtropical,Texas,USA,Office,Air Conditioned,NA,NA,31,NA,0,1,no change,NA,no change,5,-0.3,7,24.33,0.67,1.1,NA,NA,NA,NA,24,75.2,24,75.2,23.8,74.8,24,75.1,NA,NA,NA,NA,23.8,74.9,23.8,74.9,23.7,74.7,23.8,74.8,35.3,NA,NA,0.11,21.95,NA,NA,NA,NA,NA,NA,NA,NA,1,1,NA,NA,NA,29.4,85,Database 2
58,"Kim, H. 2012. Methodology for rating a building's overall performance based on the ASHRAE/CIBSE/USGBC Performance Measurement Protocols for Commercial Buildings. Ph.D. dissertation, Department of Architecture, Texas A&M University.",Hyojin Kim,2011,Summer,Cfa,Humid subtropical,Texas,USA,Office,Air Conditioned,NA,NA,52,NA,-1,1,no change,NA,no change,5,-0.2,6,24.34,0.57,1,NA,NA,NA,NA,26.9,80.4,26.9,80.4,26.1,78.9,26.2,79.2,NA,NA,NA,NA,25.2,77.4,25.2,77.4,25,76.9,25,77,33,NA,NA,0.08,14.85,NA,NA,NA,NA,NA,NA,NA,NA,0,0,NA,NA,NA,32.8,91,Database 2
59,"Kim, H. 2012. Methodology for rating a building's overall performance based on the ASHRAE/CIBSE/USGBC Performance Measurement Protocols for Commercial Buildings. Ph.D. dissertation, Department of Architecture, Texas A&M University.",Hyojin Kim,2011,Summer,Cfa,Humid subtropical,Texas,USA,Office,Air Conditioned,NA,NA,38,NA,1.5,1,cooler,NA,no change,4,0.1,5,25.61,0.57,1,NA,NA,NA,NA,26,78.8,26,78.8,26,78.9,26.1,79,NA,NA,NA,NA,25.9,78.7,25.9,78.7,25.9,78.6,25.9,78.6,53.4,NA,NA,0.11,21.91,NA,NA,NA,NA,NA,NA,NA,NA,0,0,NA,NA,NA,32.8,91,Database 2
60,"Kim, H. 2012. Methodology for rating a building's overall performance based on the ASHRAE/CIBSE/USGBC Performance Measurement Protocols for Commercial Buildings. Ph.D. dissertation, Department of Architecture, Texas A&M University.",Hyojin Kim,2011,Summer,Cfa,Humid subtropical,Texas,USA,Office,Air Conditioned,NA,NA,42,NA,1,1,no change,NA,no change,5,0.7,15,27.76,0.57,1.7,NA,NA,NA,NA,25.6,78.1,25.6,78.1,25.2,77.3,25.2,77.4,NA,NA,NA,NA,24.5,76,24.5,76,24.4,75.8,24.4,75.9,34.7,NA,NA,0.08,16.72,NA,NA,NA,NA,NA,NA,NA,NA,0,0,NA,NA,NA,32.8,91,Database 2
61,"Kim, H. 2012. Methodology for rating a building's overall performance based on the ASHRAE/CIBSE/USGBC Performance Measurement Protocols for Commercial Buildings. Ph.D. dissertation, Department of Architecture, Texas A&M University.",Hyojin Kim,2011,Summer,Cfa,Humid subtropical,Texas,USA,Office,Air Conditioned,NA,NA,36,NA,1,1,cooler,NA,more,3,-0.5,11,23.69,0.57,1,NA,NA,NA,NA,24.2,75.5,24.2,75.5,24.3,75.8,24.4,75.9,NA,NA,NA,NA,24.3,75.7,24.3,75.7,24.3,75.8,24.3,75.8,42.1,NA,NA,0.07,14.67,NA,NA,NA,NA,NA,NA,NA,NA,0,0,NA,NA,NA,28.9,84,Database 2
62,"Kim, H. 2012. Methodology for rating a building's overall performance based on the ASHRAE/CIBSE/USGBC Performance Measurement Protocols for Commercial Buildings. Ph.D. dissertation, Department of Architecture, Texas A&M University.",Hyojin Kim,2011,Summer,Cfa,Humid subtropical,Texas,USA,Office,Air Conditioned,NA,NA,36,NA,1.5,1,cooler,NA,more,3,-0.4,9,23.98,0.57,1,NA,NA,NA,NA,25.8,78.4,25.8,78.4,25.5,77.9,25.4,77.8,NA,NA,NA,NA,24.9,76.8,24.9,76.8,24.7,76.5,24.7,76.5,34.5,NA,NA,0.1,19.98,NA,NA,NA,NA,NA,NA,NA,NA,0,0,NA,NA,NA,28.9,84,Database 2
63,"Kim, H. 2012. Methodology for rating a building's overall performance based on the ASHRAE/CIBSE/USGBC Performance Measurement Protocols for Commercial Buildings. Ph.D. dissertation, Department of Architecture, Texas A&M University.",Hyojin Kim,2011,Summer,Cfa,Humid subtropical,Texas,USA,Office,Air Conditioned,NA,NA,40,NA,0,1,no change,NA,more,5,-0.7,16,23.11,0.57,1,NA,NA,NA,NA,23.6,74.4,23.6,74.4,23.8,74.8,23.8,74.9,NA,NA,NA,NA,23.7,74.7,23.7,74.7,23.8,74.8,23.8,74.8,45.9,NA,NA,0.06,11.94,NA,NA,NA,NA,NA,NA,NA,NA,0,0,NA,NA,NA,28.9,84,Database 2
64,"Kim, H. 2012. Methodology for rating a building's overall performance based on the ASHRAE/CIBSE/USGBC Performance Measurement Protocols for Commercial Buildings. Ph.D. dissertation, Department of Architecture, Texas A&M University.",Hyojin Kim,2011,Summer,Cfa,Humid subtropical,Texas,USA,Office,Air Conditioned,NA,NA,46,NA,0,1,no change,NA,no change,6,-0.3,7,24.09,0.57,1,NA,NA,NA,NA,26.3,79.4,26.3,79.4,25.7,78.3,25.8,78.4,NA,NA,NA,NA,24.7,76.5,24.7,76.5,24.7,76.4,24.7,76.4,34,NA,NA,0.04,8.2,NA,NA,NA,NA,NA,NA,NA,NA,0,0,NA,NA,NA,28.9,84,Database 2
65,"Kim, H. 2012. Methodology for rating a building's overall performance based on the ASHRAE/CIBSE/USGBC Performance Measurement Protocols for Commercial Buildings. Ph.D. dissertation, Department of Architecture, Texas A&M University.",Hyojin Kim,2011,Summer,Cfa,Humid subtropical,Texas,USA,Office,Air Conditioned,NA,NA,43,NA,-1,1,no change,NA,no change,5,-1,28,22.35,0.57,1,NA,NA,NA,NA,22.6,72.7,22.6,72.7,22.9,73.2,23,73.3,NA,NA,NA,NA,23,73.4,23,73.4,23.1,73.6,23.1,73.6,37.6,NA,NA,0.1,19.98,NA,NA,NA,NA,NA,NA,NA,NA,0,0,NA,NA,NA,28.9,84,Database 2
66,"Kim, H. 2012. Methodology for rating a building's overall performance based on the ASHRAE/CIBSE/USGBC Performance Measurement Protocols for Commercial Buildings. Ph.D. dissertation, Department of Architecture, Texas A&M University.",Hyojin Kim,2011,Summer,Cfa,Humid subtropical,Texas,USA,Office,Air Conditioned,NA,NA,29,NA,1,1,cooler,NA,less,NA,-0.3,7,24.33,0.57,1.1,NA,NA,NA,NA,24.9,76.9,24.9,76.9,24.9,76.8,24.9,76.9,NA,NA,NA,NA,24.9,76.9,24.9,76.9,24.8,76.7,24.8,76.7,34.3,NA,NA,0.11,21.43,NA,NA,NA,NA,NA,NA,NA,NA,1,1,NA,NA,NA,32.8,91,Database 2
67,"Kim, H. 2012. Methodology for rating a building's overall performance based on the ASHRAE/CIBSE/USGBC Performance Measurement Protocols for Commercial Buildings. Ph.D. dissertation, Department of Architecture, Texas A&M University.",Hyojin Kim,2011,Summer,Cfa,Humid subtropical,Texas,USA,Office,Air Conditioned,NA,NA,43,NA,0,1,no change,NA,no change,5,-0.3,7,24.6,0.57,1,NA,NA,NA,NA,25.5,77.9,25.5,77.9,25.5,77.9,25.5,77.9,NA,NA,NA,NA,25.5,77.9,25.5,77.9,25.3,77.6,25.3,77.6,34.7,NA,NA,0.15,29.55,NA,NA,NA,NA,NA,NA,NA,NA,1,1,NA,NA,NA,32.8,91,Database 2
68,"Kim, H. 2012. Methodology for rating a building's overall performance based on the ASHRAE/CIBSE/USGBC Performance Measurement Protocols for Commercial Buildings. Ph.D. dissertation, Department of Architecture, Texas A&M University.",Hyojin Kim,2011,Summer,Cfa,Humid subtropical,Texas,USA,Office,Air Conditioned,NA,NA,39,NA,-1,1,no change,NA,no change,5,-0.4,9,24.24,0.57,1,NA,NA,NA,NA,25,76.9,25,76.9,24.9,76.9,25,77,NA,NA,NA,NA,25,76.9,25,76.9,24.8,76.7,24.8,76.7,36,NA,NA,0.12,23.03,NA,NA,NA,NA,NA,NA,NA,NA,0,0,NA,NA,NA,32.8,91,Database 2
69,"Kim, H. 2012. Methodology for rating a building's overall performance based on the ASHRAE/CIBSE/USGBC Performance Measurement Protocols for Commercial Buildings. Ph.D. dissertation, Department of Architecture, Texas A&M University.",Hyojin Kim,2011,Summer,Cfa,Humid subtropical,Texas,USA,Office,Air Conditioned,NA,NA,32,NA,-1,1,warmer,NA,less,3.5,0.8,17,28.42,0.57,1.7,NA,NA,NA,NA,24.7,76.5,24.7,76.5,24.8,76.6,24.8,76.7,NA,NA,NA,NA,24.8,76.6,24.8,76.6,24.7,76.5,24.7,76.5,42.2,NA,NA,0.1,20.51,NA,NA,NA,NA,NA,NA,NA,NA,1,1,NA,NA,NA,32.8,91,Database 2
70,"Kim, H. 2012. Methodology for rating a building's overall performance based on the ASHRAE/CIBSE/USGBC Performance Measurement Protocols for Commercial Buildings. Ph.D. dissertation, Department of Architecture, Texas A&M University.",Hyojin Kim,2011,Summer,Cfa,Humid subtropical,Texas,USA,Office,Air Conditioned,NA,NA,41,NA,0.5,1,cooler,NA,no change,3.5,NA,NA,NA,0.57,NA,NA,NA,NA,NA,25,77,25,77,25,77,25.1,77.1,NA,NA,NA,NA,24.9,76.9,24.9,76.9,24.9,76.8,24.9,76.8,40.9,NA,NA,0.11,21.08,NA,NA,NA,NA,NA,NA,NA,NA,1,1,NA,NA,NA,32.8,91,Database 2
71,"Kim, H. 2012. Methodology for rating a building's overall performance based on the ASHRAE/CIBSE/USGBC Performance Measurement Protocols for Commercial Buildings. Ph.D. dissertation, Department of Architecture, Texas A&M University.",Hyojin Kim,2011,Summer,Cfa,Humid subtropical,Texas,USA,Office,Air Conditioned,NA,NA,32,NA,-1,1,no change,NA,less,4.5,0.2,6,26.02,0.57,1.4,NA,NA,NA,NA,24.6,76.3,24.6,76.3,24.5,76.2,24.6,76.3,NA,NA,NA,NA,24.6,76.3,24.6,76.3,24.5,76.1,24.5,76.1,38.4,NA,NA,0.14,27.71,NA,NA,NA,NA,NA,NA,NA,NA,0,0,NA,NA,NA,32.8,91,Database 2
72,"Kim, H. 2012. Methodology for rating a building's overall performance based on the ASHRAE/CIBSE/USGBC Performance Measurement Protocols for Commercial Buildings. Ph.D. dissertation, Department of Architecture, Texas A&M University.",Hyojin Kim,2011,Summer,Cfa,Humid subtropical,Texas,USA,Office,Air Conditioned,NA,NA,35,NA,0,1,no change,NA,less,5,-0.5,10,24.01,0.57,1,NA,NA,NA,NA,24.7,76.5,24.7,76.5,24.7,76.5,24.8,76.6,NA,NA,NA,NA,24.7,76.4,24.7,76.4,24.6,76.3,24.6,76.3,39.4,NA,NA,0.11,21.86,NA,NA,NA,NA,NA,NA,NA,NA,0,0,NA,NA,NA,32.8,91,Database 2
73,"Kim, H. 2012. Methodology for rating a building's overall performance based on the ASHRAE/CIBSE/USGBC Performance Measurement Protocols for Commercial Buildings. Ph.D. dissertation, Department of Architecture, Texas A&M University.",Hyojin Kim,2011,Summer,Cfa,Humid subtropical,Texas,USA,Office,Air Conditioned,NA,NA,37,NA,1,1,cooler,NA,more,3,NA,NA,NA,0.57,NA,NA,NA,NA,NA,24.2,75.6,24.2,75.6,24.1,75.4,24.2,75.5,NA,NA,NA,NA,24.4,75.9,24.4,75.9,24.3,75.8,24.3,75.8,40.2,NA,NA,0.18,34.93,NA,NA,NA,NA,NA,NA,NA,NA,1,1,NA,NA,NA,32.8,91,Database 2
74,"Kim, H. 2012. Methodology for rating a building's overall performance based on the ASHRAE/CIBSE/USGBC Performance Measurement Protocols for Commercial Buildings. Ph.D. dissertation, Department of Architecture, Texas A&M University.",Hyojin Kim,2011,Summer,Cfa,Humid subtropical,Texas,USA,Office,Air Conditioned,NA,NA,43,NA,-0.5,1,no change,NA,no change,4.5,NA,NA,NA,0.57,NA,NA,NA,NA,NA,24.1,75.4,24.1,75.4,24.1,75.3,24.1,75.5,NA,NA,NA,NA,24.2,75.6,24.2,75.6,24,75.2,24,75.3,37.5,NA,NA,0.14,26.67,NA,NA,NA,NA,NA,NA,NA,NA,1,1,NA,NA,NA,32.8,91,Database 2
75,"Kim, H. 2012. Methodology for rating a building's overall performance based on the ASHRAE/CIBSE/USGBC Performance Measurement Protocols for Commercial Buildings. Ph.D. dissertation, Department of Architecture, Texas A&M University.",Hyojin Kim,2011,Summer,Cfa,Humid subtropical,Texas,USA,Office,Air Conditioned,NA,NA,36,NA,-0.5,1,warmer,NA,less,4.5,NA,NA,NA,0.57,NA,NA,NA,NA,NA,24.2,75.5,24.2,75.5,24.1,75.4,24.2,75.5,NA,NA,NA,NA,24.2,75.5,24.2,75.5,24.1,75.3,24.1,75.4,37.5,NA,NA,0.19,38.06,NA,NA,NA,NA,NA,NA,NA,NA,0,0,NA,NA,NA,32.8,91,Database 2
76,"Kim, H. 2012. Methodology for rating a building's overall performance based on the ASHRAE/CIBSE/USGBC Performance Measurement Protocols for Commercial Buildings. Ph.D. dissertation, Department of Architecture, Texas A&M University.",Hyojin Kim,2011,Summer,Cfa,Humid subtropical,Texas,USA,Office,Air Conditioned,NA,NA,34,NA,0,1,no change,NA,no change,4,-1.3,43,21.72,0.54,1,NA,NA,NA,NA,23.3,74,23.3,74,23.4,74,23.3,73.9,NA,NA,NA,NA,23.1,73.5,23.1,73.5,22.9,73.3,23,73.4,40.8,NA,NA,0.17,32.75,NA,NA,NA,NA,NA,NA,NA,NA,1,1,NA,NA,NA,28.9,84,Database 2
77,"Kim, H. 2012. Methodology for rating a building's overall performance based on the ASHRAE/CIBSE/USGBC Performance Measurement Protocols for Commercial Buildings. Ph.D. dissertation, Department of Architecture, Texas A&M University.",Hyojin Kim,2011,Summer,Cfa,Humid subtropical,Texas,USA,Office,Air Conditioned,NA,NA,26,NA,0,1,no change,NA,no change,3.5,0.3,7,26.31,0.54,1.7,NA,NA,NA,NA,23.4,74.1,23.4,74.1,23.3,74,23.3,74,NA,NA,NA,NA,22.9,73.2,22.9,73.2,22.8,73.1,22.8,73.1,39.1,NA,NA,0.11,21.69,NA,NA,NA,NA,NA,NA,NA,NA,1,1,NA,NA,NA,28.9,84,Database 2
78,"Kim, H. 2012. Methodology for rating a building's overall performance based on the ASHRAE/CIBSE/USGBC Performance Measurement Protocols for Commercial Buildings. Ph.D. dissertation, Department of Architecture, Texas A&M University.",Hyojin Kim,2011,Summer,Cfa,Humid subtropical,Texas,USA,Office,Air Conditioned,NA,NA,31,NA,-1.5,0,warmer,NA,no change,2.5,-1,27,22.24,0.54,1.1,NA,NA,NA,NA,23.2,73.8,23.2,73.8,23.2,73.8,23.3,73.9,NA,NA,NA,NA,23,73.3,23,73.3,22.9,73.2,22.9,73.2,45.2,NA,NA,0.13,25.87,NA,NA,NA,NA,NA,NA,NA,NA,1,1,NA,NA,NA,28.9,84,Database 2
79,"Kim, H. 2012. Methodology for rating a building's overall performance based on the ASHRAE/CIBSE/USGBC Performance Measurement Protocols for Commercial Buildings. Ph.D. dissertation, Department of Architecture, Texas A&M University.",Hyojin Kim,2011,Summer,Cfa,Humid subtropical,Texas,USA,Office,Air Conditioned,NA,NA,27,NA,0.5,1,no change,NA,no change,4.5,-0.8,18,22.86,0.54,1.1,NA,NA,NA,NA,24.1,75.4,24.1,75.4,24,75.2,24.1,75.3,NA,NA,NA,NA,23.6,74.4,23.6,74.4,23.3,74,23.4,74.1,37.6,NA,NA,0.15,29.61,NA,NA,NA,NA,NA,NA,NA,NA,1,1,NA,NA,NA,28.9,84,Database 2
80,"Kim, H. 2012. Methodology for rating a building's overall performance based on the ASHRAE/CIBSE/USGBC Performance Measurement Protocols for Commercial Buildings. Ph.D. dissertation, Department of Architecture, Texas A&M University.",Hyojin Kim,2011,Summer,Cfa,Humid subtropical,Texas,USA,Office,Air Conditioned,NA,NA,22,NA,0,1,no change,NA,no change,3.5,-1.2,37,21.39,0.54,1.1,NA,NA,NA,NA,22.9,73.2,22.9,73.2,22.9,73.3,22.9,73.2,NA,NA,NA,NA,22.8,73.1,22.8,73.1,22.8,73.1,22.9,73.1,48.9,NA,NA,0.26,51.15,NA,NA,NA,NA,NA,NA,NA,NA,1,1,NA,NA,NA,28.9,84,Database 2
81,"Kim, H. 2012. Methodology for rating a building's overall performance based on the ASHRAE/CIBSE/USGBC Performance Measurement Protocols for Commercial Buildings. Ph.D. dissertation, Department of Architecture, Texas A&M University.",Hyojin Kim,2011,Summer,Cfa,Humid subtropical,Texas,USA,Office,Air Conditioned,NA,NA,39,NA,0,1,no change,NA,no change,3.5,-1.5,51,21.22,0.54,1,NA,NA,NA,NA,23.2,73.7,23.2,73.7,23.1,73.6,23.1,73.5,NA,NA,NA,NA,23,73.4,23,73.4,22.9,73.3,22.9,73.3,42.2,NA,NA,0.21,42.09,NA,NA,NA,NA,NA,NA,NA,NA,1,1,NA,NA,NA,28.9,84,Database 2
82,"Kim, H. 2012. Methodology for rating a building's overall performance based on the ASHRAE/CIBSE/USGBC Performance Measurement Protocols for Commercial Buildings. Ph.D. dissertation, Department of Architecture, Texas A&M University.",Hyojin Kim,2011,Summer,Cfa,Humid subtropical,Texas,USA,Office,Air Conditioned,NA,NA,46,NA,-1,0,warmer,NA,no change,3.5,-0.6,13,23.31,0.61,1.1,NA,NA,NA,NA,24,75.2,24,75.2,24,75.3,24,75.2,NA,NA,NA,NA,23.4,74,23.4,74,23.2,73.8,23.2,73.8,41,NA,NA,0.14,27.94,NA,NA,NA,NA,NA,NA,NA,NA,1,1,NA,NA,NA,28.9,84,Database 2
83,"Kim, H. 2012. Methodology for rating a building's overall performance based on the ASHRAE/CIBSE/USGBC Performance Measurement Protocols for Commercial Buildings. Ph.D. dissertation, Department of Architecture, Texas A&M University.",Hyojin Kim,2011,Summer,Cfa,Humid subtropical,Texas,USA,Office,Air Conditioned,NA,NA,35,NA,0,1,no change,NA,no change,3.5,-0.8,18,23.3,0.61,1,NA,NA,NA,NA,24.4,75.9,24.4,75.9,24.3,75.8,24.3,75.7,NA,NA,NA,NA,23.9,75,23.9,75,23.7,74.7,23.7,74.7,37.4,NA,NA,0.14,26.63,NA,NA,NA,NA,NA,NA,NA,NA,1,1,NA,NA,NA,28.9,84,Database 2
84,"Kim, H. 2012. Methodology for rating a building's overall performance based on the ASHRAE/CIBSE/USGBC Performance Measurement Protocols for Commercial Buildings. Ph.D. dissertation, Department of Architecture, Texas A&M University.",Hyojin Kim,2011,Summer,Cfa,Humid subtropical,Texas,USA,Office,Air Conditioned,NA,NA,27,NA,-0.5,0,warmer,NA,no change,2.5,-0.4,8.36,24.08,0.61,1.1,NA,NA,NA,NA,24.2,75.5,24.2,75.5,24,75.2,24,75.2,NA,NA,NA,NA,23.8,74.9,23.8,74.9,23.8,74.8,23.8,74.8,50,NA,NA,0.14,27.16,NA,NA,NA,NA,NA,NA,NA,NA,1,1,NA,NA,NA,28.9,84,Database 2